{
  "accuracy": 0.9123333333333333,
  "precision_weighted": 0.9141451151290368,
  "recall_weighted": 0.9123333333333333,
  "f1_weighted": 0.9117536317734483,
  "confusion_matrix": [
    [
      364,
      0,
      0,
      0,
      3,
      70
    ],
    [
      0,
      471,
      1,
      2,
      0,
      0
    ],
    [
      0,
      0,
      467,
      60,
      22,
      4
    ],
    [
      0,
      0,
      68,
      446,
      9,
      2
    ],
    [
      1,
      0,
      7,
      2,
      499,
      1
    ],
    [
      10,
      0,
      0,
      0,
      1,
      490
    ]
  ],
  "classification_report": {
    "buildings": {
      "precision": 0.9706666666666667,
      "recall": 0.8329519450800915,
      "f1-score": 0.896551724137931,
      "support": 437.0
    },
    "forest": {
      "precision": 1.0,
      "recall": 0.9936708860759493,
      "f1-score": 0.9968253968253968,
      "support": 474.0
    },
    "glacier": {
      "precision": 0.860036832412523,
      "recall": 0.8444846292947559,
      "f1-score": 0.8521897810218978,
      "support": 553.0
    },
    "mountain": {
      "precision": 0.8745098039215686,
      "recall": 0.8495238095238096,
      "f1-score": 0.8618357487922705,
      "support": 525.0
    },
    "sea": {
      "precision": 0.9344569288389513,
      "recall": 0.9784313725490196,
      "f1-score": 0.9559386973180076,
      "support": 510.0
    },
    "street": {
      "precision": 0.8641975308641975,
      "recall": 0.9780439121756487,
      "f1-score": 0.9176029962546817,
      "support": 501.0
    },
    "accuracy": 0.9123333333333333,
    "macro avg": {
      "precision": 0.9173112937839846,
      "recall": 0.912851092449879,
      "f1-score": 0.9134907240583643,
      "support": 3000.0
    },
    "weighted avg": {
      "precision": 0.9141451151290368,
      "recall": 0.9123333333333333,
      "f1-score": 0.9117536317734483,
      "support": 3000.0
    }
  },
  "classes": [
    "buildings",
    "forest",
    "glacier",
    "mountain",
    "sea",
    "street"
  ],
  "train_samples": 12632,
  "val_samples": 1402,
  "test_samples": 3000,
  "config": {
    "image_size": [
      224,
      224
    ],
    "batch_size": 16,
    "head_epochs": 1,
    "fine_tune_epochs": 1,
    "unfreeze_last_layers": 20,
    "learning_rate": 0.001,
    "fine_tune_learning_rate": 1e-05,
    "dropout_rate": 0.4,
    "dense_units": 256,
    "validation_split": 0.1,
    "random_state": 42
  },
  "model_type": "efficientnetb0_transfer_learning",
  "training_history": {
    "head": {
      "accuracy": [
        0.8485592007637024
      ],
      "loss": [
        0.47359636425971985
      ],
      "val_accuracy": [
        0.8994293808937073
      ],
      "val_loss": [
        0.2900716960430145
      ],
      "learning_rate": [
        0.0010000000474974513
      ]
    },
    "fine_tune": {
      "accuracy": [
        0.8412761092185974
      ],
      "loss": [
        0.4591559171676636
      ],
      "val_accuracy": [
        0.8922967314720154
      ],
      "val_loss": [
        0.3066200017929077
      ],
      "learning_rate": [
        9.999999747378752e-06
      ]
    }
  },
  "sample_probability_mean": 0.8965370059013367
}